"","PERIOD","country","adjtfr"
"1",1960,"AUT",0
"2",1961,"AUT",0
"3",1962,"AUT",0
"4",1963,"AUT",0
"5",1964,"AUT",0
"6",1965,"AUT",0
"7",1966,"AUT",0
"8",1967,"AUT",0
"9",1968,"AUT",0
"10",1969,"AUT",0
"11",1970,"AUT",0
"12",1971,"AUT",0
"13",1972,"AUT",0
"14",1973,"AUT",0
"15",1974,"AUT",0
"16",1975,"AUT",0
"17",1976,"AUT",0
"18",1977,"AUT",0
"19",1978,"AUT",0
"20",1979,"AUT",0
"21",1980,"AUT",0
"22",1981,"AUT",0
"23",1982,"AUT",0
"24",1983,"AUT",0
"25",1984,"AUT",0
"26",1985,"AUT",1.735
"27",1986,"AUT",1.705
"28",1987,"AUT",1.647
"29",1988,"AUT",1.6
"30",1989,"AUT",1.664
"31",1990,"AUT",1.614
"32",1991,"AUT",1.578
"33",1992,"AUT",1.6
"34",1993,"AUT",1.717
"35",1994,"AUT",1.801
"36",1995,"AUT",1.739
"37",1996,"AUT",1.731
"38",1997,"AUT",1.585
"39",1998,"AUT",1.563
"40",1999,"AUT",1.519
"41",2000,"AUT",1.583
"42",2001,"AUT",1.606
"43",2002,"AUT",1.681
"44",2003,"AUT",1.587
"45",2004,"AUT",1.638
"46",2005,"AUT",1.728
"47",2006,"AUT",1.687
"48",2007,"AUT",1.613
"49",2008,"AUT",1.704
"50",2009,"AUT",1.71
"51",2010,"AUT",1.789
"52",2011,"AUT",1.778
"53",2012,"AUT",1.712
"54",2013,"AUT",1.628
"55",2014,"AUT",1.68
"56",2015,"AUT",1.648
"57",2016,"AUT",1.622
"58",2017,"AUT",1.706
"59",2018,"AUT",1.718
"60",2019,"AUT",0
"61",2020,"AUT",0
"62",2021,"AUT",0
"63",2022,"AUT",0
"64",1960,"BLR",0
"65",1961,"BLR",0
"66",1962,"BLR",0
"67",1963,"BLR",0
"68",1964,"BLR",0
"69",1965,"BLR",2.097
"70",1966,"BLR",2.129
"71",1967,"BLR",2.301
"72",1968,"BLR",2.221
"73",1969,"BLR",1.998
"74",1970,"BLR",2.047
"75",1971,"BLR",2.166
"76",1972,"BLR",2.206
"77",1973,"BLR",2.106
"78",1974,"BLR",2.011
"79",1975,"BLR",1.969
"80",1976,"BLR",1.988
"81",1977,"BLR",1.911
"82",1978,"BLR",1.898
"83",1979,"BLR",1.881
"84",1980,"BLR",1.942
"85",1981,"BLR",1.987
"86",1982,"BLR",1.927
"87",1983,"BLR",2.092
"88",1984,"BLR",1.974
"89",1985,"BLR",2.106
"90",1986,"BLR",2.106
"91",1987,"BLR",1.921
"92",1988,"BLR",2.023
"93",1989,"BLR",1.781
"94",1990,"BLR",1.715
"95",1991,"BLR",1.695
"96",1992,"BLR",1.706
"97",1993,"BLR",1.687
"98",1994,"BLR",1.662
"99",1995,"BLR",1.556
"100",1996,"BLR",1.422
"101",1997,"BLR",1.378
"102",1998,"BLR",1.505
"103",1999,"BLR",1.583
"104",2000,"BLR",1.572
"105",2001,"BLR",1.521
"106",2002,"BLR",1.501
"107",2003,"BLR",1.465
"108",2004,"BLR",1.5
"109",2005,"BLR",1.458
"110",2006,"BLR",1.549
"111",2007,"BLR",1.675
"112",2008,"BLR",1.739
"113",2009,"BLR",1.788
"114",2010,"BLR",1.684
"115",2011,"BLR",1.621
"116",2012,"BLR",1.753
"117",2013,"BLR",1.86
"118",2014,"BLR",1.912
"119",2015,"BLR",1.915
"120",2016,"BLR",1.917
"121",2017,"BLR",1.666
"122",2018,"BLR",0
"123",2019,"BLR",0
"124",2020,"BLR",0
"125",2021,"BLR",0
"126",2022,"BLR",0
"127",1960,"BEL",0
"128",1961,"BEL",0
"129",1962,"BEL",0
"130",1963,"BEL",0
"131",1964,"BEL",0
"132",1965,"BEL",0
"133",1966,"BEL",0
"134",1967,"BEL",0
"135",1968,"BEL",0
"136",1969,"BEL",0
"137",1970,"BEL",0
"138",1971,"BEL",0
"139",1972,"BEL",0
"140",1973,"BEL",0
"141",1974,"BEL",0
"142",1975,"BEL",0
"143",1976,"BEL",0
"144",1977,"BEL",0
"145",1978,"BEL",0
"146",1979,"BEL",0
"147",1980,"BEL",0
"148",1981,"BEL",0
"149",1982,"BEL",0
"150",1983,"BEL",0
"151",1984,"BEL",0
"152",1985,"BEL",0
"153",1986,"BEL",0
"154",1987,"BEL",0
"155",1988,"BEL",0
"156",1989,"BEL",0
"157",1990,"BEL",0
"158",1991,"BEL",0
"159",1992,"BEL",0
"160",1993,"BEL",0
"161",1994,"BEL",0
"162",1995,"BEL",0
"163",1996,"BEL",0
"164",1997,"BEL",0
"165",1998,"BEL",0
"166",1999,"BEL",1.757
"167",2000,"BEL",1.767
"168",2001,"BEL",1.82
"169",2002,"BEL",1.866
"170",2003,"BEL",1.848
"171",2004,"BEL",1.914
"172",2005,"BEL",1.929
"173",2006,"BEL",1.933
"174",2007,"BEL",1.951
"175",2008,"BEL",1.995
"176",2009,"BEL",2.054
"177",2010,"BEL",2.047
"178",2011,"BEL",1.976
"179",2012,"BEL",2.02
"180",2013,"BEL",1.982
"181",2014,"BEL",1.943
"182",2015,"BEL",1.877
"183",2016,"BEL",1.894
"184",2017,"BEL",1.841
"185",2018,"BEL",1.822
"186",2019,"BEL",1.725
"187",2020,"BEL",1.732
"188",2021,"BEL",0
"189",2022,"BEL",0
"190",1960,"BGR",2.233
"191",1961,"BGR",2.283
"192",1962,"BGR",2.199
"193",1963,"BGR",2.137
"194",1964,"BGR",2.117
"195",1965,"BGR",2.009
"196",1966,"BGR",1.956
"197",1967,"BGR",1.988
"198",1968,"BGR",2.33
"199",1969,"BGR",2.304
"200",1970,"BGR",2.099
"201",1971,"BGR",2.047
"202",1972,"BGR",1.976
"203",1973,"BGR",2.104
"204",1974,"BGR",2.267
"205",1975,"BGR",2.103
"206",1976,"BGR",2.062
"207",1977,"BGR",2.059
"208",1978,"BGR",2.022
"209",1979,"BGR",2.028
"210",1980,"BGR",2.064
"211",1981,"BGR",1.967
"212",1982,"BGR",1.942
"213",1983,"BGR",2.043
"214",1984,"BGR",2.01
"215",1985,"BGR",2.039
"216",1986,"BGR",2.1
"217",1987,"BGR",1.959
"218",1988,"BGR",1.988
"219",1989,"BGR",1.948
"220",1990,"BGR",1.724
"221",1991,"BGR",1.616
"222",1992,"BGR",1.651
"223",1993,"BGR",1.634
"224",1994,"BGR",1.643
"225",1995,"BGR",1.521
"226",1996,"BGR",1.602
"227",1997,"BGR",1.417
"228",1998,"BGR",1.271
"229",1999,"BGR",1.626
"230",2000,"BGR",1.812
"231",2001,"BGR",1.449
"232",2002,"BGR",1.539
"233",2003,"BGR",1.583
"234",2004,"BGR",1.755
"235",2005,"BGR",1.836
"236",2006,"BGR",1.767
"237",2007,"BGR",1.817
"238",2008,"BGR",1.741
"239",2009,"BGR",2.097
"240",2010,"BGR",1.91
"241",2011,"BGR",1.546
"242",2012,"BGR",1.53
"243",2013,"BGR",1.648
"244",2014,"BGR",1.813
"245",2015,"BGR",1.734
"246",2016,"BGR",1.733
"247",2017,"BGR",1.678
"248",2018,"BGR",1.659
"249",2019,"BGR",1.699
"250",2020,"BGR",1.651
"251",2021,"BGR",0
"252",2022,"BGR",0
"253",1960,"CAN",3.607
"254",1961,"CAN",3.588
"255",1962,"CAN",3.647
"256",1963,"CAN",3.986
"257",1964,"CAN",4.103
"258",1965,"CAN",3.652
"259",1966,"CAN",3.115
"260",1967,"CAN",2.782
"261",1968,"CAN",2.652
"262",1969,"CAN",2.554
"263",1970,"CAN",2.436
"264",1971,"CAN",2.362
"265",1972,"CAN",2.211
"266",1973,"CAN",2.099
"267",1974,"CAN",1.935
"268",1975,"CAN",1.903
"269",1976,"CAN",2.021
"270",1977,"CAN",1.999
"271",1978,"CAN",1.901
"272",1979,"CAN",1.878
"273",1980,"CAN",1.873
"274",1981,"CAN",1.799
"275",1982,"CAN",1.8
"276",1983,"CAN",1.863
"277",1984,"CAN",1.819
"278",1985,"CAN",1.776
"279",1986,"CAN",1.765
"280",1987,"CAN",1.759
"281",1988,"CAN",1.716
"282",1989,"CAN",1.749
"283",1990,"CAN",1.793
"284",1991,"CAN",1.813
"285",1992,"CAN",1.893
"286",1993,"CAN",1.829
"287",1994,"CAN",1.838
"288",1995,"CAN",1.93
"289",1996,"CAN",1.937
"290",1997,"CAN",1.744
"291",1998,"CAN",1.743
"292",1999,"CAN",1.82
"293",2000,"CAN",1.817
"294",2001,"CAN",1.858
"295",2002,"CAN",1.821
"296",2003,"CAN",1.859
"297",2004,"CAN",1.762
"298",2005,"CAN",1.706
"299",2006,"CAN",1.726
"300",2007,"CAN",1.747
"301",2008,"CAN",1.802
"302",2009,"CAN",1.879
"303",2010,"CAN",1.878
"304",2011,"CAN",1.844
"305",2012,"CAN",1.839
"306",2013,"CAN",1.785
"307",2014,"CAN",1.807
"308",2015,"CAN",1.789
"309",2016,"CAN",1.764
"310",2017,"CAN",1.801
"311",2018,"CAN",1.78
"312",2019,"CAN",0
"313",2020,"CAN",0
"314",2021,"CAN",0
"315",2022,"CAN",0
"316",1960,"CHL",0
"317",1961,"CHL",0
"318",1962,"CHL",0
"319",1963,"CHL",0
"320",1964,"CHL",0
"321",1965,"CHL",0
"322",1966,"CHL",0
"323",1967,"CHL",0
"324",1968,"CHL",0
"325",1969,"CHL",0
"326",1970,"CHL",0
"327",1971,"CHL",0
"328",1972,"CHL",0
"329",1973,"CHL",0
"330",1974,"CHL",0
"331",1975,"CHL",0
"332",1976,"CHL",0
"333",1977,"CHL",0
"334",1978,"CHL",0
"335",1979,"CHL",0
"336",1980,"CHL",0
"337",1981,"CHL",0
"338",1982,"CHL",0
"339",1983,"CHL",0
"340",1984,"CHL",0
"341",1985,"CHL",0
"342",1986,"CHL",0
"343",1987,"CHL",0
"344",1988,"CHL",0
"345",1989,"CHL",0
"346",1990,"CHL",0
"347",1991,"CHL",0
"348",1992,"CHL",0
"349",1993,"CHL",2.319
"350",1994,"CHL",2.244
"351",1995,"CHL",2.436
"352",1996,"CHL",2.396
"353",1997,"CHL",2.282
"354",1998,"CHL",2.35
"355",1999,"CHL",2.363
"356",2000,"CHL",2.307
"357",2001,"CHL",2.285
"358",2002,"CHL",2.318
"359",2003,"CHL",2.336
"360",2004,"CHL",2.067
"361",2005,"CHL",0
"362",2006,"CHL",0
"363",2007,"CHL",0
"364",2008,"CHL",0
"365",2009,"CHL",0
"366",2010,"CHL",0
"367",2011,"CHL",0
"368",2012,"CHL",0
"369",2013,"CHL",0
"370",2014,"CHL",0
"371",2015,"CHL",0
"372",2016,"CHL",0
"373",2017,"CHL",0
"374",2018,"CHL",0
"375",2019,"CHL",0
"376",2020,"CHL",0
"377",2021,"CHL",0
"378",2022,"CHL",0
"379",1960,"HRV",0
"380",1961,"HRV",0
"381",1962,"HRV",0
"382",1963,"HRV",0
"383",1964,"HRV",0
"384",1965,"HRV",0
"385",1966,"HRV",0
"386",1967,"HRV",0
"387",1968,"HRV",0
"388",1969,"HRV",0
"389",1970,"HRV",0
"390",1971,"HRV",0
"391",1972,"HRV",0
"392",1973,"HRV",0
"393",1974,"HRV",0
"394",1975,"HRV",0
"395",1976,"HRV",0
"396",1977,"HRV",0
"397",1978,"HRV",0
"398",1979,"HRV",0
"399",1980,"HRV",0
"400",1981,"HRV",0
"401",1982,"HRV",0
"402",1983,"HRV",0
"403",1984,"HRV",0
"404",1985,"HRV",0
"405",1986,"HRV",0
"406",1987,"HRV",0
"407",1988,"HRV",0
"408",1989,"HRV",0
"409",1990,"HRV",0
"410",1991,"HRV",0
"411",1992,"HRV",0
"412",1993,"HRV",0
"413",1994,"HRV",0
"414",1995,"HRV",0
"415",1996,"HRV",0
"416",1997,"HRV",0
"417",1998,"HRV",0
"418",1999,"HRV",0
"419",2000,"HRV",0
"420",2001,"HRV",0
"421",2002,"HRV",1.674
"422",2003,"HRV",1.708
"423",2004,"HRV",1.692
"424",2005,"HRV",1.794
"425",2006,"HRV",1.769
"426",2007,"HRV",1.73
"427",2008,"HRV",1.872
"428",2009,"HRV",2.04
"429",2010,"HRV",1.912
"430",2011,"HRV",1.724
"431",2012,"HRV",1.798
"432",2013,"HRV",1.735
"433",2014,"HRV",1.661
"434",2015,"HRV",1.644
"435",2016,"HRV",1.739
"436",2017,"HRV",1.606
"437",2018,"HRV",1.633
"438",2019,"HRV",1.639
"439",2020,"HRV",0
"440",2021,"HRV",0
"441",2022,"HRV",0
"442",1960,"CZE",2.118
"443",1961,"CZE",2.078
"444",1962,"CZE",2.1
"445",1963,"CZE",2.462
"446",1964,"CZE",2.419
"447",1965,"CZE",2.087
"448",1966,"CZE",1.899
"449",1967,"CZE",1.89
"450",1968,"CZE",1.86
"451",1969,"CZE",1.897
"452",1970,"CZE",2.077
"453",1971,"CZE",2.072
"454",1972,"CZE",2.032
"455",1973,"CZE",2.25
"456",1974,"CZE",2.31
"457",1975,"CZE",2.266
"458",1976,"CZE",2.243
"459",1977,"CZE",2.199
"460",1978,"CZE",2.207
"461",1979,"CZE",2.138
"462",1980,"CZE",2.054
"463",1981,"CZE",2.006
"464",1982,"CZE",1.973
"465",1983,"CZE",1.978
"466",1984,"CZE",2.034
"467",1985,"CZE",2.098
"468",1986,"CZE",2.076
"469",1987,"CZE",2.012
"470",1988,"CZE",2.052
"471",1989,"CZE",1.952
"472",1990,"CZE",1.926
"473",1991,"CZE",1.926
"474",1992,"CZE",1.867
"475",1993,"CZE",2.036
"476",1994,"CZE",2.078
"477",1995,"CZE",1.968
"478",1996,"CZE",1.782
"479",1997,"CZE",1.708
"480",1998,"CZE",1.629
"481",1999,"CZE",1.644
"482",2000,"CZE",1.777
"483",2001,"CZE",1.699
"484",2002,"CZE",1.632
"485",2003,"CZE",1.697
"486",2004,"CZE",1.773
"487",2005,"CZE",1.801
"488",2006,"CZE",1.752
"489",2007,"CZE",1.833
"490",2008,"CZE",1.811
"491",2009,"CZE",1.718
"492",2010,"CZE",1.779
"493",2011,"CZE",1.636
"494",2012,"CZE",1.621
"495",2013,"CZE",1.595
"496",2014,"CZE",1.657
"497",2015,"CZE",1.677
"498",2016,"CZE",1.711
"499",2017,"CZE",1.823
"500",2018,"CZE",1.867
"501",2019,"CZE",1.84
"502",2020,"CZE",1.947
"503",2021,"CZE",0
"504",2022,"CZE",0
"505",1960,"DNK",0
"506",1961,"DNK",0
"507",1962,"DNK",0
"508",1963,"DNK",0
"509",1964,"DNK",0
"510",1965,"DNK",0
"511",1966,"DNK",0
"512",1967,"DNK",0
"513",1968,"DNK",0
"514",1969,"DNK",2.2
"515",1970,"DNK",2.223
"516",1971,"DNK",2.107
"517",1972,"DNK",2.129
"518",1973,"DNK",2.058
"519",1974,"DNK",1.878
"520",1975,"DNK",1.999
"521",1976,"DNK",1.887
"522",1977,"DNK",1.818
"523",1978,"DNK",1.966
"524",1979,"DNK",1.84
"525",1980,"DNK",1.758
"526",1981,"DNK",1.701
"527",1982,"DNK",1.78
"528",1983,"DNK",1.735
"529",1984,"DNK",1.747
"530",1985,"DNK",1.74
"531",1986,"DNK",1.748
"532",1987,"DNK",1.781
"533",1988,"DNK",1.81
"534",1989,"DNK",1.801
"535",1990,"DNK",1.925
"536",1991,"DNK",1.946
"537",1992,"DNK",1.989
"538",1993,"DNK",2.034
"539",1994,"DNK",2.061
"540",1995,"DNK",2.004
"541",1996,"DNK",1.944
"542",1997,"DNK",1.974
"543",1998,"DNK",1.926
"544",1999,"DNK",1.924
"545",2000,"DNK",1.905
"546",2001,"DNK",1.963
"547",2002,"DNK",2.071
"548",2003,"DNK",1.999
"549",2004,"DNK",1.949
"550",2005,"DNK",1.959
"551",2006,"DNK",2.067
"552",2007,"DNK",1.98
"553",2008,"DNK",2
"554",2009,"DNK",2.042
"555",2010,"DNK",2.085
"556",2011,"DNK",1.892
"557",2012,"DNK",1.866
"558",2013,"DNK",1.848
"559",2014,"DNK",1.808
"560",2015,"DNK",1.803
"561",2016,"DNK",1.913
"562",2017,"DNK",1.984
"563",2018,"DNK",1.995
"564",2019,"DNK",1.925
"565",2020,"DNK",1.918
"566",2021,"DNK",1.922
"567",2022,"DNK",1.705
"568",1960,"EST",1.788
"569",1961,"EST",1.765
"570",1962,"EST",1.858
"571",1963,"EST",1.846
"572",1964,"EST",1.822
"573",1965,"EST",1.836
"574",1966,"EST",1.798
"575",1967,"EST",1.678
"576",1968,"EST",1.81
"577",1969,"EST",1.899
"578",1970,"EST",1.932
"579",1971,"EST",2.044
"580",1972,"EST",2.078
"581",1973,"EST",1.925
"582",1974,"EST",1.832
"583",1975,"EST",1.854
"584",1976,"EST",1.895
"585",1977,"EST",1.849
"586",1978,"EST",1.801
"587",1979,"EST",1.795
"588",1980,"EST",1.926
"589",1981,"EST",2.195
"590",1982,"EST",2.182
"591",1983,"EST",2.15
"592",1984,"EST",2.049
"593",1985,"EST",2.099
"594",1986,"EST",2.215
"595",1987,"EST",2.208
"596",1988,"EST",1.98
"597",1989,"EST",1.919
"598",1990,"EST",1.871
"599",1991,"EST",1.746
"600",1992,"EST",1.728
"601",1993,"EST",1.509
"602",1994,"EST",1.611
"603",1995,"EST",1.765
"604",1996,"EST",1.946
"605",1997,"EST",1.787
"606",1998,"EST",1.55
"607",1999,"EST",1.735
"608",2000,"EST",1.855
"609",2001,"EST",1.809
"610",2002,"EST",1.914
"611",2003,"EST",1.693
"612",2004,"EST",1.913
"613",2005,"EST",1.982
"614",2006,"EST",1.869
"615",2007,"EST",2.084
"616",2008,"EST",2.251
"617",2009,"EST",2.041
"618",2010,"EST",1.985
"619",2011,"EST",1.888
"620",2012,"EST",1.705
"621",2013,"EST",1.647
"622",2014,"EST",2.003
"623",2015,"EST",2.292
"624",2016,"EST",1.984
"625",2017,"EST",1.721
"626",2018,"EST",1.825
"627",2019,"EST",0
"628",2020,"EST",0
"629",2021,"EST",0
"630",2022,"EST",0
"631",1960,"FIN",0
"632",1961,"FIN",0
"633",1962,"FIN",0
"634",1963,"FIN",0
"635",1964,"FIN",0
"636",1965,"FIN",0
"637",1966,"FIN",0
"638",1967,"FIN",0
"639",1968,"FIN",0
"640",1969,"FIN",0
"641",1970,"FIN",0
"642",1971,"FIN",0
"643",1972,"FIN",0
"644",1973,"FIN",0
"645",1974,"FIN",0
"646",1975,"FIN",0
"647",1976,"FIN",0
"648",1977,"FIN",0
"649",1978,"FIN",0
"650",1979,"FIN",0
"651",1980,"FIN",0
"652",1981,"FIN",0
"653",1982,"FIN",0
"654",1983,"FIN",1.976
"655",1984,"FIN",1.93
"656",1985,"FIN",1.874
"657",1986,"FIN",1.849
"658",1987,"FIN",1.782
"659",1988,"FIN",1.764
"660",1989,"FIN",1.806
"661",1990,"FIN",1.884
"662",1991,"FIN",1.853
"663",1992,"FIN",1.956
"664",1993,"FIN",1.945
"665",1994,"FIN",2.104
"666",1995,"FIN",2.093
"667",1996,"FIN",1.952
"668",1997,"FIN",1.94
"669",1998,"FIN",1.813
"670",1999,"FIN",1.79
"671",2000,"FIN",1.799
"672",2001,"FIN",1.851
"673",2002,"FIN",1.929
"674",2003,"FIN",1.929
"675",2004,"FIN",1.88
"676",2005,"FIN",1.916
"677",2006,"FIN",1.945
"678",2007,"FIN",1.935
"679",2008,"FIN",1.939
"680",2009,"FIN",1.95
"681",2010,"FIN",2.021
"682",2011,"FIN",1.984
"683",2012,"FIN",1.947
"684",2013,"FIN",1.846
"685",2014,"FIN",1.869
"686",2015,"FIN",1.957
"687",2016,"FIN",1.809
"688",2017,"FIN",1.64
"689",2018,"FIN",1.614
"690",2019,"FIN",1.543
"691",2020,"FIN",1.683
"692",2021,"FIN",1.778
"693",2022,"FIN",0
"694",1960,"DEUTNP",0
"695",1961,"DEUTNP",0
"696",1962,"DEUTNP",0
"697",1963,"DEUTNP",0
"698",1964,"DEUTNP",0
"699",1965,"DEUTNP",0
"700",1966,"DEUTNP",0
"701",1967,"DEUTNP",0
"702",1968,"DEUTNP",0
"703",1969,"DEUTNP",0
"704",1970,"DEUTNP",0
"705",1971,"DEUTNP",0
"706",1972,"DEUTNP",0
"707",1973,"DEUTNP",0
"708",1974,"DEUTNP",0
"709",1975,"DEUTNP",0
"710",1976,"DEUTNP",0
"711",1977,"DEUTNP",0
"712",1978,"DEUTNP",0
"713",1979,"DEUTNP",0
"714",1980,"DEUTNP",0
"715",1981,"DEUTNP",0
"716",1982,"DEUTNP",0
"717",1983,"DEUTNP",0
"718",1984,"DEUTNP",0
"719",1985,"DEUTNP",0
"720",1986,"DEUTNP",0
"721",1987,"DEUTNP",0
"722",1988,"DEUTNP",0
"723",1989,"DEUTNP",0
"724",1990,"DEUTNP",0
"725",1991,"DEUTNP",0
"726",1992,"DEUTNP",0
"727",1993,"DEUTNP",0
"728",1994,"DEUTNP",0
"729",1995,"DEUTNP",0
"730",1996,"DEUTNP",0
"731",1997,"DEUTNP",0
"732",1998,"DEUTNP",0
"733",1999,"DEUTNP",0
"734",2000,"DEUTNP",0
"735",2001,"DEUTNP",0
"736",2002,"DEUTNP",0
"737",2003,"DEUTNP",0
"738",2004,"DEUTNP",0
"739",2005,"DEUTNP",0
"740",2006,"DEUTNP",0
"741",2007,"DEUTNP",0
"742",2008,"DEUTNP",0
"743",2009,"DEUTNP",0
"744",2010,"DEUTNP",1.675
"745",2011,"DEUTNP",1.597
"746",2012,"DEUTNP",1.594
"747",2013,"DEUTNP",1.631
"748",2014,"DEUTNP",1.598
"749",2015,"DEUTNP",1.485
"750",2016,"DEUTNP",1.647
"751",2017,"DEUTNP",0
"752",2018,"DEUTNP",0
"753",2019,"DEUTNP",0
"754",2020,"DEUTNP",0
"755",2021,"DEUTNP",0
"756",2022,"DEUTNP",0
"757",1960,"DEUTE",2.15
"758",1961,"DEUTE",2.232
"759",1962,"DEUTE",2.319
"760",1963,"DEUTE",2.42
"761",1964,"DEUTE",2.38
"762",1965,"DEUTE",2.362
"763",1966,"DEUTE",2.342
"764",1967,"DEUTE",2.28
"765",1968,"DEUTE",2.279
"766",1969,"DEUTE",2.316
"767",1970,"DEUTE",2.273
"768",1971,"DEUTE",2.271
"769",1972,"DEUTE",1.887
"770",1973,"DEUTE",1.616
"771",1974,"DEUTE",1.57
"772",1975,"DEUTE",1.559
"773",1976,"DEUTE",1.669
"774",1977,"DEUTE",1.83
"775",1978,"DEUTE",1.811
"776",1979,"DEUTE",1.773
"777",1980,"DEUTE",1.841
"778",1981,"DEUTE",1.854
"779",1982,"DEUTE",1.88
"780",1983,"DEUTE",1.803
"781",1984,"DEUTE",1.744
"782",1985,"DEUTE",1.812
"783",1986,"DEUTE",1.899
"784",1987,"DEUTE",1.926
"785",1988,"DEUTE",1.805
"786",1989,"DEUTE",0
"787",1990,"DEUTE",0
"788",1991,"DEUTE",0
"789",1992,"DEUTE",0
"790",1993,"DEUTE",0
"791",1994,"DEUTE",0
"792",1995,"DEUTE",0
"793",1996,"DEUTE",0
"794",1997,"DEUTE",0
"795",1998,"DEUTE",0
"796",1999,"DEUTE",0
"797",2000,"DEUTE",0
"798",2001,"DEUTE",0
"799",2002,"DEUTE",0
"800",2003,"DEUTE",0
"801",2004,"DEUTE",0
"802",2005,"DEUTE",0
"803",2006,"DEUTE",0
"804",2007,"DEUTE",0
"805",2008,"DEUTE",0
"806",2009,"DEUTE",0
"807",2010,"DEUTE",1.612
"808",2011,"DEUTE",1.602
"809",2012,"DEUTE",1.599
"810",2013,"DEUTE",1.671
"811",2014,"DEUTE",1.685
"812",2015,"DEUTE",1.525
"813",2016,"DEUTE",1.725
"814",2017,"DEUTE",0
"815",2018,"DEUTE",0
"816",2019,"DEUTE",0
"817",2020,"DEUTE",0
"818",2021,"DEUTE",0
"819",2022,"DEUTE",0
"820",1960,"DEUTW",0
"821",1961,"DEUTW",0
"822",1962,"DEUTW",0
"823",1963,"DEUTW",0
"824",1964,"DEUTW",0
"825",1965,"DEUTW",0
"826",1966,"DEUTW",0
"827",1967,"DEUTW",0
"828",1968,"DEUTW",0
"829",1969,"DEUTW",0
"830",1970,"DEUTW",0
"831",1971,"DEUTW",0
"832",1972,"DEUTW",0
"833",1973,"DEUTW",0
"834",1974,"DEUTW",0
"835",1975,"DEUTW",0
"836",1976,"DEUTW",0
"837",1977,"DEUTW",0
"838",1978,"DEUTW",0
"839",1979,"DEUTW",0
"840",1980,"DEUTW",0
"841",1981,"DEUTW",0
"842",1982,"DEUTW",0
"843",1983,"DEUTW",0
"844",1984,"DEUTW",0
"845",1985,"DEUTW",0
"846",1986,"DEUTW",0
"847",1987,"DEUTW",0
"848",1988,"DEUTW",0
"849",1989,"DEUTW",0
"850",1990,"DEUTW",0
"851",1991,"DEUTW",0
"852",1992,"DEUTW",0
"853",1993,"DEUTW",0
"854",1994,"DEUTW",0
"855",1995,"DEUTW",0
"856",1996,"DEUTW",0
"857",1997,"DEUTW",0
"858",1998,"DEUTW",0
"859",1999,"DEUTW",0
"860",2000,"DEUTW",0
"861",2001,"DEUTW",0
"862",2002,"DEUTW",0
"863",2003,"DEUTW",0
"864",2004,"DEUTW",0
"865",2005,"DEUTW",0
"866",2006,"DEUTW",0
"867",2007,"DEUTW",0
"868",2008,"DEUTW",0
"869",2009,"DEUTW",0
"870",2010,"DEUTW",1.671
"871",2011,"DEUTW",1.584
"872",2012,"DEUTW",1.59
"873",2013,"DEUTW",1.624
"874",2014,"DEUTW",1.585
"875",2015,"DEUTW",1.484
"876",2016,"DEUTW",1.644
"877",2017,"DEUTW",0
"878",2018,"DEUTW",0
"879",2019,"DEUTW",0
"880",2020,"DEUTW",0
"881",2021,"DEUTW",0
"882",2022,"DEUTW",0
"883",1960,"HUN",1.92
"884",1961,"HUN",1.954
"885",1962,"HUN",1.936
"886",1963,"HUN",2.005
"887",1964,"HUN",1.859
"888",1965,"HUN",1.832
"889",1966,"HUN",1.933
"890",1967,"HUN",2.028
"891",1968,"HUN",2.07
"892",1969,"HUN",2.003
"893",1970,"HUN",1.874
"894",1971,"HUN",1.83
"895",1972,"HUN",1.88
"896",1973,"HUN",1.898
"897",1974,"HUN",2.201
"898",1975,"HUN",2.191
"899",1976,"HUN",2.076
"900",1977,"HUN",2.026
"901",1978,"HUN",1.92
"902",1979,"HUN",1.926
"903",1980,"HUN",1.958
"904",1981,"HUN",1.988
"905",1982,"HUN",1.936
"906",1983,"HUN",1.898
"907",1984,"HUN",1.909
"908",1985,"HUN",2.104
"909",1986,"HUN",2.114
"910",1987,"HUN",2.003
"911",1988,"HUN",1.949
"912",1989,"HUN",1.905
"913",1990,"HUN",1.989
"914",1991,"HUN",2.029
"915",1992,"HUN",1.928
"916",1993,"HUN",1.901
"917",1994,"HUN",1.886
"918",1995,"HUN",1.891
"919",1996,"HUN",1.752
"920",1997,"HUN",1.695
"921",1998,"HUN",1.748
"922",1999,"HUN",1.704
"923",2000,"HUN",1.763
"924",2001,"HUN",1.756
"925",2002,"HUN",1.716
"926",2003,"HUN",1.758
"927",2004,"HUN",1.803
"928",2005,"HUN",1.707
"929",2006,"HUN",1.701
"930",2007,"HUN",1.552
"931",2008,"HUN",1.574
"932",2009,"HUN",1.715
"933",2010,"HUN",1.526
"934",2011,"HUN",1.313
"935",2012,"HUN",1.337
"936",2013,"HUN",1.383
"937",2014,"HUN",1.557
"938",2015,"HUN",1.52
"939",2016,"HUN",1.563
"940",2017,"HUN",1.656
"941",2018,"HUN",1.587
"942",2019,"HUN",1.559
"943",2020,"HUN",0
"944",2021,"HUN",0
"945",2022,"HUN",0
"946",1960,"ISL",0
"947",1961,"ISL",0
"948",1962,"ISL",0
"949",1963,"ISL",0
"950",1964,"ISL",0
"951",1965,"ISL",0
"952",1966,"ISL",0
"953",1967,"ISL",0
"954",1968,"ISL",0
"955",1969,"ISL",0
"956",1970,"ISL",0
"957",1971,"ISL",0
"958",1972,"ISL",0
"959",1973,"ISL",0
"960",1974,"ISL",0
"961",1975,"ISL",0
"962",1976,"ISL",0
"963",1977,"ISL",0
"964",1978,"ISL",0
"965",1979,"ISL",0
"966",1980,"ISL",0
"967",1981,"ISL",0
"968",1982,"ISL",0
"969",1983,"ISL",0
"970",1984,"ISL",0
"971",1985,"ISL",0
"972",1986,"ISL",0
"973",1987,"ISL",0
"974",1988,"ISL",0
"975",1989,"ISL",0
"976",1990,"ISL",0
"977",1991,"ISL",2.92
"978",1992,"ISL",2.444
"979",1993,"ISL",2.433
"980",1994,"ISL",2.484
"981",1995,"ISL",2.426
"982",1996,"ISL",2.266
"983",1997,"ISL",2.182
"984",1998,"ISL",2.198
"985",1999,"ISL",2.36
"986",2000,"ISL",2.713
"987",2001,"ISL",2.461
"988",2002,"ISL",2.296
"989",2003,"ISL",2.289
"990",2004,"ISL",2.136
"991",2005,"ISL",2.175
"992",2006,"ISL",2.308
"993",2007,"ISL",2.312
"994",2008,"ISL",2.502
"995",2009,"ISL",2.415
"996",2010,"ISL",2.409
"997",2011,"ISL",2.191
"998",2012,"ISL",2.4
"999",2013,"ISL",2.137
"1000",2014,"ISL",1.958
"1001",2015,"ISL",2.09
"1002",2016,"ISL",2.127
"1003",2017,"ISL",2.126
"1004",2018,"ISL",2.481
"1005",2019,"ISL",2.047
"1006",2020,"ISL",1.515
"1007",2021,"ISL",0
"1008",2022,"ISL",0
"1009",1960,"IRL",3.394
"1010",1961,"IRL",3.494
"1011",1962,"IRL",3.647
"1012",1963,"IRL",3.815
"1013",1964,"IRL",4.041
"1014",1965,"IRL",3.953
"1015",1966,"IRL",3.842
"1016",1967,"IRL",3.747
"1017",1968,"IRL",3.647
"1018",1969,"IRL",3.579
"1019",1970,"IRL",3.56
"1020",1971,"IRL",3.856
"1021",1972,"IRL",3.88
"1022",1973,"IRL",3.826
"1023",1974,"IRL",3.662
"1024",1975,"IRL",3.403
"1025",1976,"IRL",3.369
"1026",1977,"IRL",3.178
"1027",1978,"IRL",2.967
"1028",1979,"IRL",3.086
"1029",1980,"IRL",3.291
"1030",1981,"IRL",3.215
"1031",1982,"IRL",3.173
"1032",1983,"IRL",2.972
"1033",1984,"IRL",3.318
"1034",1985,"IRL",3.256
"1035",1986,"IRL",2.728
"1036",1987,"IRL",2.598
"1037",1988,"IRL",2.381
"1038",1989,"IRL",2.235
"1039",1990,"IRL",2.299
"1040",1991,"IRL",2.365
"1041",1992,"IRL",2.366
"1042",1993,"IRL",2.251
"1043",1994,"IRL",2.207
"1044",1995,"IRL",2.119
"1045",1996,"IRL",2.142
"1046",1997,"IRL",2.222
"1047",1998,"IRL",2.099
"1048",1999,"IRL",2.098
"1049",2000,"IRL",2.14
"1050",2001,"IRL",2.213
"1051",2002,"IRL",2.316
"1052",2003,"IRL",2.372
"1053",2004,"IRL",2.438
"1054",2005,"IRL",2.271
"1055",2006,"IRL",2.121
"1056",2007,"IRL",2.151
"1057",2008,"IRL",2.187
"1058",2009,"IRL",2.193
"1059",2010,"IRL",2.208
"1060",2011,"IRL",2.158
"1061",2012,"IRL",2.146
"1062",2013,"IRL",2.186
"1063",2014,"IRL",2.077
"1064",2015,"IRL",2.149
"1065",2016,"IRL",2.107
"1066",2017,"IRL",1.933
"1067",2018,"IRL",2.054
"1068",2019,"IRL",2.005
"1069",2020,"IRL",0
"1070",2021,"IRL",0
"1071",2022,"IRL",0
"1072",1960,"ITA",0
"1073",1961,"ITA",0
"1074",1962,"ITA",0
"1075",1963,"ITA",0
"1076",1964,"ITA",0
"1077",1965,"ITA",0
"1078",1966,"ITA",0
"1079",1967,"ITA",0
"1080",1968,"ITA",0
"1081",1969,"ITA",0
"1082",1970,"ITA",0
"1083",1971,"ITA",0
"1084",1972,"ITA",0
"1085",1973,"ITA",0
"1086",1974,"ITA",0
"1087",1975,"ITA",0
"1088",1976,"ITA",0
"1089",1977,"ITA",0
"1090",1978,"ITA",0
"1091",1979,"ITA",0
"1092",1980,"ITA",0
"1093",1981,"ITA",0
"1094",1982,"ITA",0
"1095",1983,"ITA",0
"1096",1984,"ITA",0
"1097",1985,"ITA",0
"1098",1986,"ITA",0
"1099",1987,"ITA",0
"1100",1988,"ITA",0
"1101",1989,"ITA",0
"1102",1990,"ITA",0
"1103",1991,"ITA",0
"1104",1992,"ITA",0
"1105",1993,"ITA",0
"1106",1994,"ITA",0
"1107",1995,"ITA",0
"1108",1996,"ITA",0
"1109",1997,"ITA",0
"1110",1998,"ITA",0
"1111",1999,"ITA",0
"1112",2000,"ITA",0
"1113",2001,"ITA",0
"1114",2002,"ITA",0
"1115",2003,"ITA",0
"1116",2004,"ITA",0
"1117",2005,"ITA",1.458
"1118",2006,"ITA",1.467
"1119",2007,"ITA",1.453
"1120",2008,"ITA",1.535
"1121",2009,"ITA",1.58
"1122",2010,"ITA",1.596
"1123",2011,"ITA",1.545
"1124",2012,"ITA",1.526
"1125",2013,"ITA",1.498
"1126",2014,"ITA",1.503
"1127",2015,"ITA",1.535
"1128",2016,"ITA",1.52
"1129",2017,"ITA",1.477
"1130",2018,"ITA",1.458
"1131",2019,"ITA",1.4
"1132",2020,"ITA",0
"1133",2021,"ITA",0
"1134",2022,"ITA",0
"1135",1960,"JPN",0
"1136",1961,"JPN",0
"1137",1962,"JPN",0
"1138",1963,"JPN",0
"1139",1964,"JPN",0
"1140",1965,"JPN",0
"1141",1966,"JPN",0
"1142",1967,"JPN",0
"1143",1968,"JPN",0
"1144",1969,"JPN",2.061
"1145",1970,"JPN",2.051
"1146",1971,"JPN",2.049
"1147",1972,"JPN",2.036
"1148",1973,"JPN",2.051
"1149",1974,"JPN",2.015
"1150",1975,"JPN",1.939
"1151",1976,"JPN",1.94
"1152",1977,"JPN",1.921
"1153",1978,"JPN",1.896
"1154",1979,"JPN",1.878
"1155",1980,"JPN",1.886
"1156",1981,"JPN",1.885
"1157",1982,"JPN",1.906
"1158",1983,"JPN",1.939
"1159",1984,"JPN",1.971
"1160",1985,"JPN",1.97
"1161",1986,"JPN",1.951
"1162",1987,"JPN",1.935
"1163",1988,"JPN",1.915
"1164",1989,"JPN",1.817
"1165",1990,"JPN",1.746
"1166",1991,"JPN",1.731
"1167",1992,"JPN",1.72
"1168",1993,"JPN",1.671
"1169",1994,"JPN",1.694
"1170",1995,"JPN",1.605
"1171",1996,"JPN",1.593
"1172",1997,"JPN",1.514
"1173",1998,"JPN",1.491
"1174",1999,"JPN",1.426
"1175",2000,"JPN",1.41
"1176",2001,"JPN",1.402
"1177",2002,"JPN",1.458
"1178",2003,"JPN",1.454
"1179",2004,"JPN",1.43
"1180",2005,"JPN",1.377
"1181",2006,"JPN",1.469
"1182",2007,"JPN",1.455
"1183",2008,"JPN",1.486
"1184",2009,"JPN",1.543
"1185",2010,"JPN",1.537
"1186",2011,"JPN",1.587
"1187",2012,"JPN",1.659
"1188",2013,"JPN",1.637
"1189",2014,"JPN",1.616
"1190",2015,"JPN",1.617
"1191",2016,"JPN",1.544
"1192",2017,"JPN",1.51
"1193",2018,"JPN",1.49
"1194",2019,"JPN",1.448
"1195",2020,"JPN",1.504
"1196",2021,"JPN",1.487
"1197",2022,"JPN",0
"1198",1960,"LTU",0
"1199",1961,"LTU",0
"1200",1962,"LTU",0
"1201",1963,"LTU",0
"1202",1964,"LTU",0
"1203",1965,"LTU",0
"1204",1966,"LTU",0
"1205",1967,"LTU",0
"1206",1968,"LTU",0
"1207",1969,"LTU",0
"1208",1970,"LTU",0
"1209",1971,"LTU",2.253
"1210",1972,"LTU",2.234
"1211",1973,"LTU",2.058
"1212",1974,"LTU",2.018
"1213",1975,"LTU",2.047
"1214",1976,"LTU",1.98
"1215",1977,"LTU",1.99
"1216",1978,"LTU",1.98
"1217",1979,"LTU",1.828
"1218",1980,"LTU",2.297
"1219",1981,"LTU",2.406
"1220",1982,"LTU",1.92
"1221",1983,"LTU",2.076
"1222",1984,"LTU",1.902
"1223",1985,"LTU",2.03
"1224",1986,"LTU",2.176
"1225",1987,"LTU",1.63
"1226",1988,"LTU",1.451
"1227",1989,"LTU",1.742
"1228",1990,"LTU",1.851
"1229",1991,"LTU",1.811
"1230",1992,"LTU",1.977
"1231",1993,"LTU",1.68
"1232",1994,"LTU",1.561
"1233",1995,"LTU",1.768
"1234",1996,"LTU",1.74
"1235",1997,"LTU",1.795
"1236",1998,"LTU",1.748
"1237",1999,"LTU",1.693
"1238",2000,"LTU",1.682
"1239",2001,"LTU",1.534
"1240",2002,"LTU",1.456
"1241",2003,"LTU",1.707
"1242",2004,"LTU",1.692
"1243",2005,"LTU",1.63
"1244",2006,"LTU",1.806
"1245",2007,"LTU",1.836
"1246",2008,"LTU",2.056
"1247",2009,"LTU",2.185
"1248",2010,"LTU",1.773
"1249",2011,"LTU",1.685
"1250",2012,"LTU",1.891
"1251",2013,"LTU",1.979
"1252",2014,"LTU",1.938
"1253",2015,"LTU",1.96
"1254",2016,"LTU",2.003
"1255",2017,"LTU",2.021
"1256",2018,"LTU",2.067
"1257",2019,"LTU",1.908
"1258",2020,"LTU",0
"1259",2021,"LTU",0
"1260",2022,"LTU",0
"1261",1960,"NLD",2.852
"1262",1961,"NLD",2.924
"1263",1962,"NLD",2.881
"1264",1963,"NLD",2.982
"1265",1964,"NLD",3.065
"1266",1965,"NLD",2.994
"1267",1966,"NLD",2.836
"1268",1967,"NLD",2.666
"1269",1968,"NLD",2.492
"1270",1969,"NLD",2.605
"1271",1970,"NLD",2.503
"1272",1971,"NLD",2.293
"1273",1972,"NLD",2.184
"1274",1973,"NLD",1.96
"1275",1974,"NLD",1.866
"1276",1975,"NLD",1.772
"1277",1976,"NLD",1.74
"1278",1977,"NLD",1.713
"1279",1978,"NLD",1.724
"1280",1979,"NLD",1.701
"1281",1980,"NLD",1.735
"1282",1981,"NLD",1.742
"1283",1982,"NLD",1.731
"1284",1983,"NLD",1.726
"1285",1984,"NLD",1.818
"1286",1985,"NLD",1.911
"1287",1986,"NLD",1.973
"1288",1987,"NLD",1.937
"1289",1988,"NLD",1.867
"1290",1989,"NLD",1.884
"1291",1990,"NLD",1.965
"1292",1991,"NLD",1.962
"1293",1992,"NLD",1.943
"1294",1993,"NLD",1.825
"1295",1994,"NLD",1.799
"1296",1995,"NLD",1.82
"1297",1996,"NLD",1.715
"1298",1997,"NLD",1.709
"1299",1998,"NLD",1.75
"1300",1999,"NLD",1.706
"1301",2000,"NLD",1.775
"1302",2001,"NLD",1.767
"1303",2002,"NLD",1.817
"1304",2003,"NLD",1.882
"1305",2004,"NLD",1.83
"1306",2005,"NLD",1.771
"1307",2006,"NLD",1.786
"1308",2007,"NLD",1.807
"1309",2008,"NLD",1.883
"1310",2009,"NLD",1.901
"1311",2010,"NLD",1.902
"1312",2011,"NLD",1.834
"1313",2012,"NLD",1.813
"1314",2013,"NLD",1.833
"1315",2014,"NLD",1.882
"1316",2015,"NLD",1.817
"1317",2016,"NLD",1.832
"1318",2017,"NLD",1.772
"1319",2018,"NLD",1.765
"1320",2019,"NLD",0
"1321",2020,"NLD",0
"1322",2021,"NLD",0
"1323",2022,"NLD",0
"1324",1960,"NOR",0
"1325",1961,"NOR",0
"1326",1962,"NOR",0
"1327",1963,"NOR",0
"1328",1964,"NOR",0
"1329",1965,"NOR",0
"1330",1966,"NOR",0
"1331",1967,"NOR",0
"1332",1968,"NOR",2.575
"1333",1969,"NOR",2.493
"1334",1970,"NOR",2.403
"1335",1971,"NOR",2.44
"1336",1972,"NOR",2.414
"1337",1973,"NOR",2.339
"1338",1974,"NOR",2.2
"1339",1975,"NOR",2.204
"1340",1976,"NOR",2.163
"1341",1977,"NOR",2.065
"1342",1978,"NOR",1.943
"1343",1979,"NOR",1.901
"1344",1980,"NOR",1.929
"1345",1981,"NOR",1.872
"1346",1982,"NOR",2.009
"1347",1983,"NOR",1.948
"1348",1984,"NOR",1.901
"1349",1985,"NOR",1.934
"1350",1986,"NOR",1.988
"1351",1987,"NOR",2.017
"1352",1988,"NOR",2.09
"1353",1989,"NOR",2.126
"1354",1990,"NOR",2.241
"1355",1991,"NOR",2.192
"1356",1992,"NOR",2.137
"1357",1993,"NOR",2.159
"1358",1994,"NOR",2.137
"1359",1995,"NOR",2.111
"1360",1996,"NOR",2.116
"1361",1997,"NOR",2.115
"1362",1998,"NOR",2.046
"1363",1999,"NOR",2.01
"1364",2000,"NOR",2.061
"1365",2001,"NOR",2.063
"1366",2002,"NOR",2.066
"1367",2003,"NOR",2.084
"1368",2004,"NOR",1.991
"1369",2005,"NOR",1.971
"1370",2006,"NOR",2.041
"1371",2007,"NOR",1.998
"1372",2008,"NOR",2.085
"1373",2009,"NOR",2.179
"1374",2010,"NOR",2.21
"1375",2011,"NOR",2.124
"1376",2012,"NOR",2.125
"1377",2013,"NOR",2.15
"1378",2014,"NOR",2.039
"1379",2015,"NOR",1.963
"1380",2016,"NOR",1.951
"1381",2017,"NOR",1.848
"1382",2018,"NOR",1.91
"1383",2019,"NOR",1.89
"1384",2020,"NOR",1.649
"1385",2021,"NOR",1.698
"1386",2022,"NOR",0
"1387",1960,"POL",0
"1388",1961,"POL",0
"1389",1962,"POL",0
"1390",1963,"POL",0
"1391",1964,"POL",0
"1392",1965,"POL",0
"1393",1966,"POL",0
"1394",1967,"POL",0
"1395",1968,"POL",0
"1396",1969,"POL",0
"1397",1970,"POL",0
"1398",1971,"POL",0
"1399",1972,"POL",2.397
"1400",1973,"POL",2.237
"1401",1974,"POL",2.194
"1402",1975,"POL",2.229
"1403",1976,"POL",2.252
"1404",1977,"POL",2.159
"1405",1978,"POL",2.142
"1406",1979,"POL",2.226
"1407",1980,"POL",2.216
"1408",1981,"POL",2.203
"1409",1982,"POL",2.339
"1410",1983,"POL",2.405
"1411",1984,"POL",2.349
"1412",1985,"POL",2.288
"1413",1986,"POL",2.145
"1414",1987,"POL",2.101
"1415",1988,"POL",2.096
"1416",1989,"POL",2.078
"1417",1990,"POL",2.066
"1418",1991,"POL",2.14
"1419",1992,"POL",2.155
"1420",1993,"POL",2.181
"1421",1994,"POL",2.114
"1422",1995,"POL",1.985
"1423",1996,"POL",1.961
"1424",1997,"POL",1.842
"1425",1998,"POL",1.737
"1426",1999,"POL",1.683
"1427",2000,"POL",1.734
"1428",2001,"POL",1.694
"1429",2002,"POL",1.602
"1430",2003,"POL",1.6
"1431",2004,"POL",1.592
"1432",2005,"POL",1.529
"1433",2006,"POL",1.473
"1434",2007,"POL",1.474
"1435",2008,"POL",1.615
"1436",2009,"POL",1.691
"1437",2010,"POL",1.588
"1438",2011,"POL",1.399
"1439",2012,"POL",1.387
"1440",2013,"POL",1.397
"1441",2014,"POL",1.46
"1442",2015,"POL",1.419
"1443",2016,"POL",1.431
"1444",2017,"POL",0
"1445",2018,"POL",0
"1446",2019,"POL",0
"1447",2020,"POL",0
"1448",2021,"POL",0
"1449",2022,"POL",0
"1450",1960,"PRT",3.037
"1451",1961,"PRT",3.072
"1452",1962,"PRT",3.251
"1453",1963,"PRT",3.168
"1454",1964,"PRT",3.246
"1455",1965,"PRT",3.139
"1456",1966,"PRT",3.131
"1457",1967,"PRT",3.249
"1458",1968,"PRT",3.149
"1459",1969,"PRT",3.136
"1460",1970,"PRT",3.169
"1461",1971,"PRT",3.115
"1462",1972,"PRT",2.872
"1463",1973,"PRT",2.757
"1464",1974,"PRT",2.513
"1465",1975,"PRT",2.395
"1466",1976,"PRT",2.531
"1467",1977,"PRT",2.637
"1468",1978,"PRT",2.408
"1469",1979,"PRT",2.3
"1470",1980,"PRT",2.299
"1471",1981,"PRT",2.177
"1472",1982,"PRT",2.08
"1473",1983,"PRT",1.983
"1474",1984,"PRT",2.08
"1475",1985,"PRT",1.922
"1476",1986,"PRT",1.923
"1477",1987,"PRT",1.996
"1478",1988,"PRT",1.94
"1479",1989,"PRT",1.892
"1480",1990,"PRT",1.92
"1481",1991,"PRT",1.898
"1482",1992,"PRT",1.824
"1483",1993,"PRT",1.8
"1484",1994,"PRT",1.771
"1485",1995,"PRT",1.713
"1486",1996,"PRT",1.664
"1487",1997,"PRT",1.73
"1488",1998,"PRT",1.853
"1489",1999,"PRT",1.82
"1490",2000,"PRT",1.73
"1491",2001,"PRT",1.667
"1492",2002,"PRT",1.78
"1493",2003,"PRT",1.685
"1494",2004,"PRT",1.587
"1495",2005,"PRT",1.661
"1496",2006,"PRT",1.552
"1497",2007,"PRT",1.475
"1498",2008,"PRT",1.594
"1499",2009,"PRT",1.572
"1500",2010,"PRT",1.76
"1501",2011,"PRT",1.703
"1502",2012,"PRT",1.595
"1503",2013,"PRT",1.616
"1504",2014,"PRT",1.604
"1505",2015,"PRT",1.634
"1506",2016,"PRT",1.57
"1507",2017,"PRT",1.538
"1508",2018,"PRT",1.593
"1509",2019,"PRT",1.697
"1510",2020,"PRT",1.772
"1511",2021,"PRT",1.451
"1512",2022,"PRT",0
"1513",1960,"KOR",0
"1514",1961,"KOR",0
"1515",1962,"KOR",0
"1516",1963,"KOR",0
"1517",1964,"KOR",0
"1518",1965,"KOR",0
"1519",1966,"KOR",0
"1520",1967,"KOR",0
"1521",1968,"KOR",0
"1522",1969,"KOR",0
"1523",1970,"KOR",0
"1524",1971,"KOR",0
"1525",1972,"KOR",0
"1526",1973,"KOR",0
"1527",1974,"KOR",0
"1528",1975,"KOR",0
"1529",1976,"KOR",0
"1530",1977,"KOR",0
"1531",1978,"KOR",0
"1532",1979,"KOR",0
"1533",1980,"KOR",0
"1534",1981,"KOR",0
"1535",1982,"KOR",0
"1536",1983,"KOR",0
"1537",1984,"KOR",0
"1538",1985,"KOR",0
"1539",1986,"KOR",0
"1540",1987,"KOR",0
"1541",1988,"KOR",0
"1542",1989,"KOR",0
"1543",1990,"KOR",0
"1544",1991,"KOR",0
"1545",1992,"KOR",0
"1546",1993,"KOR",0
"1547",1994,"KOR",0
"1548",1995,"KOR",0
"1549",1996,"KOR",0
"1550",1997,"KOR",0
"1551",1998,"KOR",0
"1552",1999,"KOR",0
"1553",2000,"KOR",0
"1554",2001,"KOR",1.69
"1555",2002,"KOR",1.528
"1556",2003,"KOR",1.608
"1557",2004,"KOR",1.582
"1558",2005,"KOR",1.399
"1559",2006,"KOR",1.404
"1560",2007,"KOR",1.52
"1561",2008,"KOR",1.427
"1562",2009,"KOR",1.418
"1563",2010,"KOR",1.501
"1564",2011,"KOR",1.488
"1565",2012,"KOR",1.6
"1566",2013,"KOR",1.479
"1567",2014,"KOR",1.5
"1568",2015,"KOR",1.52
"1569",2016,"KOR",1.455
"1570",2017,"KOR",1.404
"1571",2018,"KOR",1.349
"1572",2019,"KOR",1.191
"1573",2020,"KOR",0
"1574",2021,"KOR",0
"1575",2022,"KOR",0
"1576",1960,"RUS",2.29
"1577",1961,"RUS",2.29
"1578",1962,"RUS",2.32
"1579",1963,"RUS",2.244
"1580",1964,"RUS",2.244
"1581",1965,"RUS",2.1
"1582",1966,"RUS",2.056
"1583",1967,"RUS",1.964
"1584",1968,"RUS",1.934
"1585",1969,"RUS",1.922
"1586",1970,"RUS",1.909
"1587",1971,"RUS",1.948
"1588",1972,"RUS",1.937
"1589",1973,"RUS",1.827
"1590",1974,"RUS",1.839
"1591",1975,"RUS",1.794
"1592",1976,"RUS",1.789
"1593",1977,"RUS",1.798
"1594",1978,"RUS",1.761
"1595",1979,"RUS",1.731
"1596",1980,"RUS",1.797
"1597",1981,"RUS",1.854
"1598",1982,"RUS",1.923
"1599",1983,"RUS",2.014
"1600",1984,"RUS",1.953
"1601",1985,"RUS",2.088
"1602",1986,"RUS",2.271
"1603",1987,"RUS",2.173
"1604",1988,"RUS",1.959
"1605",1989,"RUS",1.787
"1606",1990,"RUS",1.714
"1607",1991,"RUS",1.645
"1608",1992,"RUS",1.499
"1609",1993,"RUS",1.358
"1610",1994,"RUS",1.522
"1611",1995,"RUS",1.627
"1612",1996,"RUS",1.525
"1613",1997,"RUS",1.445
"1614",1998,"RUS",1.5
"1615",1999,"RUS",1.439
"1616",2000,"RUS",1.509
"1617",2001,"RUS",1.472
"1618",2002,"RUS",1.483
"1619",2003,"RUS",1.534
"1620",2004,"RUS",1.552
"1621",2005,"RUS",1.472
"1622",2006,"RUS",1.466
"1623",2007,"RUS",1.611
"1624",2008,"RUS",1.779
"1625",2009,"RUS",1.88
"1626",2010,"RUS",1.696
"1627",2011,"RUS",1.58
"1628",2012,"RUS",1.798
"1629",2013,"RUS",1.848
"1630",2014,"RUS",1.899
"1631",2015,"RUS",2.007
"1632",2016,"RUS",1.929
"1633",2017,"RUS",1.698
"1634",2018,"RUS",0
"1635",2019,"RUS",0
"1636",2020,"RUS",0
"1637",2021,"RUS",0
"1638",2022,"RUS",0
"1639",1960,"SVK",2.904
"1640",1961,"SVK",2.866
"1641",1962,"SVK",2.803
"1642",1963,"SVK",3.021
"1643",1964,"SVK",2.901
"1644",1965,"SVK",2.721
"1645",1966,"SVK",2.651
"1646",1967,"SVK",2.486
"1647",1968,"SVK",2.39
"1648",1969,"SVK",2.56
"1649",1970,"SVK",2.628
"1650",1971,"SVK",2.513
"1651",1972,"SVK",2.435
"1652",1973,"SVK",2.498
"1653",1974,"SVK",2.512
"1654",1975,"SVK",2.467
"1655",1976,"SVK",2.478
"1656",1977,"SVK",2.382
"1657",1978,"SVK",2.336
"1658",1979,"SVK",2.299
"1659",1980,"SVK",2.265
"1660",1981,"SVK",2.25
"1661",1982,"SVK",2.208
"1662",1983,"SVK",2.221
"1663",1984,"SVK",2.196
"1664",1985,"SVK",2.258
"1665",1986,"SVK",2.239
"1666",1987,"SVK",2.207
"1667",1988,"SVK",2.189
"1668",1989,"SVK",2.094
"1669",1990,"SVK",2.058
"1670",1991,"SVK",2.05
"1671",1992,"SVK",2.104
"1672",1993,"SVK",2.139
"1673",1994,"SVK",1.965
"1674",1995,"SVK",1.777
"1675",1996,"SVK",1.775
"1676",1997,"SVK",1.842
"1677",1998,"SVK",1.771
"1678",1999,"SVK",1.767
"1679",2000,"SVK",1.658
"1680",2001,"SVK",1.518
"1681",2002,"SVK",1.615
"1682",2003,"SVK",1.622
"1683",2004,"SVK",1.696
"1684",2005,"SVK",1.714
"1685",2006,"SVK",1.68
"1686",2007,"SVK",1.689
"1687",2008,"SVK",1.745
"1688",2009,"SVK",1.822
"1689",2010,"SVK",1.905
"1690",2011,"SVK",1.763
"1691",2012,"SVK",1.591
"1692",2013,"SVK",1.594
"1693",2014,"SVK",0
"1694",2015,"SVK",0
"1695",2016,"SVK",0
"1696",2017,"SVK",0
"1697",2018,"SVK",0
"1698",2019,"SVK",0
"1699",2020,"SVK",0
"1700",2021,"SVK",0
"1701",2022,"SVK",0
"1702",1960,"SVN",0
"1703",1961,"SVN",0
"1704",1962,"SVN",0
"1705",1963,"SVN",0
"1706",1964,"SVN",0
"1707",1965,"SVN",0
"1708",1966,"SVN",0
"1709",1967,"SVN",0
"1710",1968,"SVN",0
"1711",1969,"SVN",0
"1712",1970,"SVN",0
"1713",1971,"SVN",0
"1714",1972,"SVN",0
"1715",1973,"SVN",0
"1716",1974,"SVN",0
"1717",1975,"SVN",0
"1718",1976,"SVN",0
"1719",1977,"SVN",0
"1720",1978,"SVN",0
"1721",1979,"SVN",0
"1722",1980,"SVN",0
"1723",1981,"SVN",0
"1724",1982,"SVN",0
"1725",1983,"SVN",0
"1726",1984,"SVN",1.837
"1727",1985,"SVN",1.814
"1728",1986,"SVN",1.718
"1729",1987,"SVN",1.788
"1730",1988,"SVN",1.856
"1731",1989,"SVN",1.769
"1732",1990,"SVN",1.789
"1733",1991,"SVN",1.725
"1734",1992,"SVN",1.725
"1735",1993,"SVN",1.775
"1736",1994,"SVN",1.678
"1737",1995,"SVN",1.706
"1738",1996,"SVN",1.724
"1739",1997,"SVN",1.753
"1740",1998,"SVN",1.662
"1741",1999,"SVN",1.575
"1742",2000,"SVN",1.653
"1743",2001,"SVN",1.745
"1744",2002,"SVN",1.644
"1745",2003,"SVN",1.477
"1746",2004,"SVN",1.604
"1747",2005,"SVN",1.604
"1748",2006,"SVN",1.592
"1749",2007,"SVN",1.634
"1750",2008,"SVN",1.71
"1751",2009,"SVN",1.665
"1752",2010,"SVN",1.725
"1753",2011,"SVN",1.621
"1754",2012,"SVN",1.618
"1755",2013,"SVN",1.609
"1756",2014,"SVN",1.65
"1757",2015,"SVN",1.692
"1758",2016,"SVN",1.617
"1759",2017,"SVN",1.61
"1760",2018,"SVN",1.725
"1761",2019,"SVN",0
"1762",2020,"SVN",0
"1763",2021,"SVN",0
"1764",2022,"SVN",0
"1765",1960,"ESP",0
"1766",1961,"ESP",0
"1767",1962,"ESP",0
"1768",1963,"ESP",0
"1769",1964,"ESP",0
"1770",1965,"ESP",0
"1771",1966,"ESP",0
"1772",1967,"ESP",0
"1773",1968,"ESP",0
"1774",1969,"ESP",0
"1775",1970,"ESP",0
"1776",1971,"ESP",0
"1777",1972,"ESP",0
"1778",1973,"ESP",0
"1779",1974,"ESP",0
"1780",1975,"ESP",0
"1781",1976,"ESP",2.674
"1782",1977,"ESP",2.583
"1783",1978,"ESP",2.524
"1784",1979,"ESP",2.578
"1785",1980,"ESP",2.574
"1786",1981,"ESP",2.306
"1787",1982,"ESP",2.182
"1788",1983,"ESP",2.05
"1789",1984,"ESP",2.041
"1790",1985,"ESP",1.939
"1791",1986,"ESP",1.863
"1792",1987,"ESP",1.754
"1793",1988,"ESP",1.774
"1794",1989,"ESP",1.803
"1795",1990,"ESP",1.794
"1796",1991,"ESP",1.847
"1797",1992,"ESP",1.8
"1798",1993,"ESP",1.726
"1799",1994,"ESP",1.629
"1800",1995,"ESP",1.476
"1801",1996,"ESP",1.464
"1802",1997,"ESP",1.482
"1803",1998,"ESP",1.365
"1804",1999,"ESP",1.338
"1805",2000,"ESP",1.309
"1806",2001,"ESP",1.305
"1807",2002,"ESP",1.344
"1808",2003,"ESP",1.368
"1809",2004,"ESP",1.367
"1810",2005,"ESP",1.352
"1811",2006,"ESP",1.313
"1812",2007,"ESP",1.299
"1813",2008,"ESP",1.579
"1814",2009,"ESP",1.702
"1815",2010,"ESP",1.709
"1816",2011,"ESP",1.638
"1817",2012,"ESP",1.505
"1818",2013,"ESP",1.44
"1819",2014,"ESP",1.464
"1820",2015,"ESP",1.456
"1821",2016,"ESP",1.429
"1822",2017,"ESP",1.415
"1823",2018,"ESP",1.348
"1824",2019,"ESP",1.317
"1825",2020,"ESP",1.437
"1826",2021,"ESP",0
"1827",2022,"ESP",0
"1828",1960,"SWE",0
"1829",1961,"SWE",0
"1830",1962,"SWE",0
"1831",1963,"SWE",0
"1832",1964,"SWE",0
"1833",1965,"SWE",0
"1834",1966,"SWE",0
"1835",1967,"SWE",0
"1836",1968,"SWE",0
"1837",1969,"SWE",0
"1838",1970,"SWE",0
"1839",1971,"SWE",1.921
"1840",1972,"SWE",1.918
"1841",1973,"SWE",1.893
"1842",1974,"SWE",1.959
"1843",1975,"SWE",2.025
"1844",1976,"SWE",1.948
"1845",1977,"SWE",1.872
"1846",1978,"SWE",1.931
"1847",1979,"SWE",1.973
"1848",1980,"SWE",1.917
"1849",1981,"SWE",1.883
"1850",1982,"SWE",1.88
"1851",1983,"SWE",1.894
"1852",1984,"SWE",1.878
"1853",1985,"SWE",1.889
"1854",1986,"SWE",1.997
"1855",1987,"SWE",1.964
"1856",1988,"SWE",2.021
"1857",1989,"SWE",2.06
"1858",1990,"SWE",2.251
"1859",1991,"SWE",2.395
"1860",1992,"SWE",2.358
"1861",1993,"SWE",2.304
"1862",1994,"SWE",2.221
"1863",1995,"SWE",2.089
"1864",1996,"SWE",1.929
"1865",1997,"SWE",1.869
"1866",1998,"SWE",1.828
"1867",1999,"SWE",1.701
"1868",2000,"SWE",1.839
"1869",2001,"SWE",1.875
"1870",2002,"SWE",1.943
"1871",2003,"SWE",2.041
"1872",2004,"SWE",1.978
"1873",2005,"SWE",1.955
"1874",2006,"SWE",2.023
"1875",2007,"SWE",1.94
"1876",2008,"SWE",2.016
"1877",2009,"SWE",2.078
"1878",2010,"SWE",2.074
"1879",2011,"SWE",1.995
"1880",2012,"SWE",1.98
"1881",2013,"SWE",1.921
"1882",2014,"SWE",1.889
"1883",2015,"SWE",1.903
"1884",2016,"SWE",1.958
"1885",2017,"SWE",1.857
"1886",2018,"SWE",1.914
"1887",2019,"SWE",1.957
"1888",2020,"SWE",1.898
"1889",2021,"SWE",1.918
"1890",2022,"SWE",0
"1891",1960,"CHE",0
"1892",1961,"CHE",0
"1893",1962,"CHE",0
"1894",1963,"CHE",0
"1895",1964,"CHE",0
"1896",1965,"CHE",0
"1897",1966,"CHE",0
"1898",1967,"CHE",0
"1899",1968,"CHE",0
"1900",1969,"CHE",0
"1901",1970,"CHE",0
"1902",1971,"CHE",0
"1903",1972,"CHE",0
"1904",1973,"CHE",0
"1905",1974,"CHE",0
"1906",1975,"CHE",0
"1907",1976,"CHE",0
"1908",1977,"CHE",0
"1909",1978,"CHE",0
"1910",1979,"CHE",0
"1911",1980,"CHE",0
"1912",1981,"CHE",0
"1913",1982,"CHE",0
"1914",1983,"CHE",0
"1915",1984,"CHE",0
"1916",1985,"CHE",0
"1917",1986,"CHE",0
"1918",1987,"CHE",0
"1919",1988,"CHE",0
"1920",1989,"CHE",0
"1921",1990,"CHE",0
"1922",1991,"CHE",0
"1923",1992,"CHE",0
"1924",1993,"CHE",0
"1925",1994,"CHE",0
"1926",1995,"CHE",0
"1927",1996,"CHE",0
"1928",1997,"CHE",0
"1929",1998,"CHE",0
"1930",1999,"CHE",1.641
"1931",2000,"CHE",1.832
"1932",2001,"CHE",1.645
"1933",2002,"CHE",1.585
"1934",2003,"CHE",1.648
"1935",2004,"CHE",1.707
"1936",2005,"CHE",1.665
"1937",2006,"CHE",1.679
"1938",2007,"CHE",1.706
"1939",2008,"CHE",1.753
"1940",2009,"CHE",1.74
"1941",2010,"CHE",1.742
"1942",2011,"CHE",1.73
"1943",2012,"CHE",1.67
"1944",2013,"CHE",1.712
"1945",2014,"CHE",1.731
"1946",2015,"CHE",1.638
"1947",2016,"CHE",1.649
"1948",2017,"CHE",1.659
"1949",2018,"CHE",1.671
"1950",2019,"CHE",1.581
"1951",2020,"CHE",1.588
"1952",2021,"CHE",1.664
"1953",2022,"CHE",0
"1954",1960,"TWN",0
"1955",1961,"TWN",0
"1956",1962,"TWN",0
"1957",1963,"TWN",0
"1958",1964,"TWN",0
"1959",1965,"TWN",0
"1960",1966,"TWN",0
"1961",1967,"TWN",0
"1962",1968,"TWN",0
"1963",1969,"TWN",0
"1964",1970,"TWN",0
"1965",1971,"TWN",0
"1966",1972,"TWN",0
"1967",1973,"TWN",0
"1968",1974,"TWN",0
"1969",1975,"TWN",0
"1970",1976,"TWN",0
"1971",1977,"TWN",2.768
"1972",1978,"TWN",2.914
"1973",1979,"TWN",2.842
"1974",1980,"TWN",2.8
"1975",1981,"TWN",2.768
"1976",1982,"TWN",2.67
"1977",1983,"TWN",2.557
"1978",1984,"TWN",2.483
"1979",1985,"TWN",2.323
"1980",1986,"TWN",2.041
"1981",1987,"TWN",2.057
"1982",1988,"TWN",2.323
"1983",1989,"TWN",2.045
"1984",1990,"TWN",2.057
"1985",1991,"TWN",1.979
"1986",1992,"TWN",1.974
"1987",1993,"TWN",2.027
"1988",1994,"TWN",2.052
"1989",1995,"TWN",1.999
"1990",1996,"TWN",2.029
"1991",1997,"TWN",2.123
"1992",1998,"TWN",1.798
"1993",1999,"TWN",1.811
"1994",2000,"TWN",1.863
"1995",2001,"TWN",1.563
"1996",2002,"TWN",1.584
"1997",2003,"TWN",1.513
"1998",2004,"TWN",1.486
"1999",2005,"TWN",1.554
"2000",2006,"TWN",1.668
"2001",2007,"TWN",1.602
"2002",2008,"TWN",1.543
"2003",2009,"TWN",1.559
"2004",2010,"TWN",1.228
"2005",2011,"TWN",1.287
"2006",2012,"TWN",1.536
"2007",2013,"TWN",1.26
"2008",2014,"TWN",1.273
"2009",2015,"TWN",1.327
"2010",2016,"TWN",1.33
"2011",2017,"TWN",1.222
"2012",2018,"TWN",1.153
"2013",2019,"TWN",1.151
"2014",2020,"TWN",1.108
"2015",2021,"TWN",0
"2016",2022,"TWN",0
"2017",1960,"GBR_NP",0
"2018",1961,"GBR_NP",0
"2019",1962,"GBR_NP",0
"2020",1963,"GBR_NP",0
"2021",1964,"GBR_NP",0
"2022",1965,"GBR_NP",0
"2023",1966,"GBR_NP",0
"2024",1967,"GBR_NP",0
"2025",1968,"GBR_NP",0
"2026",1969,"GBR_NP",0
"2027",1970,"GBR_NP",0
"2028",1971,"GBR_NP",0
"2029",1972,"GBR_NP",0
"2030",1973,"GBR_NP",0
"2031",1974,"GBR_NP",0
"2032",1975,"GBR_NP",0
"2033",1976,"GBR_NP",0
"2034",1977,"GBR_NP",0
"2035",1978,"GBR_NP",0
"2036",1979,"GBR_NP",0
"2037",1980,"GBR_NP",0
"2038",1981,"GBR_NP",0
"2039",1982,"GBR_NP",0
"2040",1983,"GBR_NP",0
"2041",1984,"GBR_NP",0
"2042",1985,"GBR_NP",0
"2043",1986,"GBR_NP",0
"2044",1987,"GBR_NP",0
"2045",1988,"GBR_NP",0
"2046",1989,"GBR_NP",0
"2047",1990,"GBR_NP",0
"2048",1991,"GBR_NP",0
"2049",1992,"GBR_NP",0
"2050",1993,"GBR_NP",0
"2051",1994,"GBR_NP",0
"2052",1995,"GBR_NP",0
"2053",1996,"GBR_NP",0
"2054",1997,"GBR_NP",0
"2055",1998,"GBR_NP",0
"2056",1999,"GBR_NP",0
"2057",2000,"GBR_NP",0
"2058",2001,"GBR_NP",0
"2059",2002,"GBR_NP",0
"2060",2003,"GBR_NP",0
"2061",2004,"GBR_NP",0
"2062",2005,"GBR_NP",0
"2063",2006,"GBR_NP",0
"2064",2007,"GBR_NP",0
"2065",2008,"GBR_NP",0
"2066",2009,"GBR_NP",0
"2067",2010,"GBR_NP",0
"2068",2011,"GBR_NP",0
"2069",2012,"GBR_NP",0
"2070",2013,"GBR_NP",0
"2071",2014,"GBR_NP",2.168
"2072",2015,"GBR_NP",2.175
"2073",2016,"GBR_NP",2.09
"2074",2017,"GBR_NP",1.94
"2075",2018,"GBR_NP",1.864
"2076",2019,"GBR_NP",1.797
"2077",2020,"GBR_NP",0
"2078",2021,"GBR_NP",0
"2079",2022,"GBR_NP",0
"2080",1960,"GBRTENW",0
"2081",1961,"GBRTENW",0
"2082",1962,"GBRTENW",0
"2083",1963,"GBRTENW",0
"2084",1964,"GBRTENW",0
"2085",1965,"GBRTENW",0
"2086",1966,"GBRTENW",0
"2087",1967,"GBRTENW",0
"2088",1968,"GBRTENW",0
"2089",1969,"GBRTENW",0
"2090",1970,"GBRTENW",0
"2091",1971,"GBRTENW",0
"2092",1972,"GBRTENW",0
"2093",1973,"GBRTENW",0
"2094",1974,"GBRTENW",0
"2095",1975,"GBRTENW",0
"2096",1976,"GBRTENW",0
"2097",1977,"GBRTENW",0
"2098",1978,"GBRTENW",0
"2099",1979,"GBRTENW",0
"2100",1980,"GBRTENW",0
"2101",1981,"GBRTENW",0
"2102",1982,"GBRTENW",0
"2103",1983,"GBRTENW",0
"2104",1984,"GBRTENW",0
"2105",1985,"GBRTENW",0
"2106",1986,"GBRTENW",0
"2107",1987,"GBRTENW",0
"2108",1988,"GBRTENW",0
"2109",1989,"GBRTENW",0
"2110",1990,"GBRTENW",0
"2111",1991,"GBRTENW",0
"2112",1992,"GBRTENW",0
"2113",1993,"GBRTENW",0
"2114",1994,"GBRTENW",0
"2115",1995,"GBRTENW",0
"2116",1996,"GBRTENW",0
"2117",1997,"GBRTENW",0
"2118",1998,"GBRTENW",0
"2119",1999,"GBRTENW",0
"2120",2000,"GBRTENW",0
"2121",2001,"GBRTENW",0
"2122",2002,"GBRTENW",0
"2123",2003,"GBRTENW",0
"2124",2004,"GBRTENW",0
"2125",2005,"GBRTENW",0
"2126",2006,"GBRTENW",0
"2127",2007,"GBRTENW",0
"2128",2008,"GBRTENW",0
"2129",2009,"GBRTENW",0
"2130",2010,"GBRTENW",0
"2131",2011,"GBRTENW",0
"2132",2012,"GBRTENW",0
"2133",2013,"GBRTENW",0
"2134",2014,"GBRTENW",2.2
"2135",2015,"GBRTENW",2.222
"2136",2016,"GBRTENW",2.13
"2137",2017,"GBRTENW",1.968
"2138",2018,"GBRTENW",1.891
"2139",2019,"GBRTENW",1.818
"2140",2020,"GBRTENW",0
"2141",2021,"GBRTENW",0
"2142",2022,"GBRTENW",0
"2143",1960,"GBR_NIR",0
"2144",1961,"GBR_NIR",0
"2145",1962,"GBR_NIR",0
"2146",1963,"GBR_NIR",0
"2147",1964,"GBR_NIR",0
"2148",1965,"GBR_NIR",0
"2149",1966,"GBR_NIR",0
"2150",1967,"GBR_NIR",0
"2151",1968,"GBR_NIR",0
"2152",1969,"GBR_NIR",0
"2153",1970,"GBR_NIR",0
"2154",1971,"GBR_NIR",0
"2155",1972,"GBR_NIR",0
"2156",1973,"GBR_NIR",0
"2157",1974,"GBR_NIR",0
"2158",1975,"GBR_NIR",0
"2159",1976,"GBR_NIR",0
"2160",1977,"GBR_NIR",0
"2161",1978,"GBR_NIR",0
"2162",1979,"GBR_NIR",0
"2163",1980,"GBR_NIR",0
"2164",1981,"GBR_NIR",0
"2165",1982,"GBR_NIR",0
"2166",1983,"GBR_NIR",0
"2167",1984,"GBR_NIR",0
"2168",1985,"GBR_NIR",0
"2169",1986,"GBR_NIR",0
"2170",1987,"GBR_NIR",0
"2171",1988,"GBR_NIR",0
"2172",1989,"GBR_NIR",0
"2173",1990,"GBR_NIR",0
"2174",1991,"GBR_NIR",0
"2175",1992,"GBR_NIR",0
"2176",1993,"GBR_NIR",0
"2177",1994,"GBR_NIR",0
"2178",1995,"GBR_NIR",0
"2179",1996,"GBR_NIR",0
"2180",1997,"GBR_NIR",0
"2181",1998,"GBR_NIR",1.998
"2182",1999,"GBR_NIR",2.044
"2183",2000,"GBR_NIR",2.093
"2184",2001,"GBR_NIR",2.207
"2185",2002,"GBR_NIR",2.073
"2186",2003,"GBR_NIR",2.17
"2187",2004,"GBR_NIR",2.166
"2188",2005,"GBR_NIR",1.97
"2189",2006,"GBR_NIR",2.119
"2190",2007,"GBR_NIR",2.153
"2191",2008,"GBR_NIR",2.145
"2192",2009,"GBR_NIR",2.169
"2193",2010,"GBR_NIR",2.16
"2194",2011,"GBR_NIR",2.216
"2195",2012,"GBR_NIR",2.305
"2196",2013,"GBR_NIR",2.137
"2197",2014,"GBR_NIR",2.199
"2198",2015,"GBR_NIR",2.191
"2199",2016,"GBR_NIR",2.158
"2200",2017,"GBR_NIR",2.028
"2201",2018,"GBR_NIR",1.992
"2202",2019,"GBR_NIR",2.138
"2203",2020,"GBR_NIR",0
"2204",2021,"GBR_NIR",0
"2205",2022,"GBR_NIR",0
"2206",1960,"GBR_SCO",0
"2207",1961,"GBR_SCO",0
"2208",1962,"GBR_SCO",0
"2209",1963,"GBR_SCO",0
"2210",1964,"GBR_SCO",0
"2211",1965,"GBR_SCO",0
"2212",1966,"GBR_SCO",0
"2213",1967,"GBR_SCO",0
"2214",1968,"GBR_SCO",0
"2215",1969,"GBR_SCO",0
"2216",1970,"GBR_SCO",0
"2217",1971,"GBR_SCO",0
"2218",1972,"GBR_SCO",0
"2219",1973,"GBR_SCO",0
"2220",1974,"GBR_SCO",0
"2221",1975,"GBR_SCO",0
"2222",1976,"GBR_SCO",0
"2223",1977,"GBR_SCO",0
"2224",1978,"GBR_SCO",0
"2225",1979,"GBR_SCO",0
"2226",1980,"GBR_SCO",0
"2227",1981,"GBR_SCO",0
"2228",1982,"GBR_SCO",0
"2229",1983,"GBR_SCO",0
"2230",1984,"GBR_SCO",0
"2231",1985,"GBR_SCO",0
"2232",1986,"GBR_SCO",0
"2233",1987,"GBR_SCO",0
"2234",1988,"GBR_SCO",0
"2235",1989,"GBR_SCO",0
"2236",1990,"GBR_SCO",0
"2237",1991,"GBR_SCO",0
"2238",1992,"GBR_SCO",0
"2239",1993,"GBR_SCO",0
"2240",1994,"GBR_SCO",0
"2241",1995,"GBR_SCO",0
"2242",1996,"GBR_SCO",0
"2243",1997,"GBR_SCO",0
"2244",1998,"GBR_SCO",0
"2245",1999,"GBR_SCO",0
"2246",2000,"GBR_SCO",0
"2247",2001,"GBR_SCO",0
"2248",2002,"GBR_SCO",0
"2249",2003,"GBR_SCO",0
"2250",2004,"GBR_SCO",0
"2251",2005,"GBR_SCO",0
"2252",2006,"GBR_SCO",0
"2253",2007,"GBR_SCO",0
"2254",2008,"GBR_SCO",0
"2255",2009,"GBR_SCO",0
"2256",2010,"GBR_SCO",0
"2257",2011,"GBR_SCO",0
"2258",2012,"GBR_SCO",0
"2259",2013,"GBR_SCO",0
"2260",2014,"GBR_SCO",1.818
"2261",2015,"GBR_SCO",1.69
"2262",2016,"GBR_SCO",1.642
"2263",2017,"GBR_SCO",1.611
"2264",2018,"GBR_SCO",1.555
"2265",2019,"GBR_SCO",1.475
"2266",2020,"GBR_SCO",0
"2267",2021,"GBR_SCO",0
"2268",2022,"GBR_SCO",0
"2269",1960,"UKR",2.008
"2270",1961,"UKR",2.139
"2271",1962,"UKR",2.18
"2272",1963,"UKR",2.062
"2273",1964,"UKR",2.114
"2274",1965,"UKR",1.916
"2275",1966,"UKR",1.957
"2276",1967,"UKR",1.892
"2277",1968,"UKR",1.918
"2278",1969,"UKR",1.88
"2279",1970,"UKR",1.977
"2280",1971,"UKR",2.053
"2281",1972,"UKR",2.129
"2282",1973,"UKR",1.906
"2283",1974,"UKR",1.805
"2284",1975,"UKR",1.829
"2285",1976,"UKR",1.855
"2286",1977,"UKR",1.807
"2287",1978,"UKR",1.781
"2288",1979,"UKR",1.816
"2289",1980,"UKR",1.86
"2290",1981,"UKR",1.779
"2291",1982,"UKR",1.811
"2292",1983,"UKR",1.992
"2293",1984,"UKR",1.941
"2294",1985,"UKR",2.001
"2295",1986,"UKR",2.096
"2296",1987,"UKR",1.99
"2297",1988,"UKR",1.943
"2298",1989,"UKR",1.742
"2299",1990,"UKR",1.672
"2300",1991,"UKR",1.651
"2301",1992,"UKR",1.605
"2302",1993,"UKR",1.566
"2303",1994,"UKR",1.473
"2304",1995,"UKR",1.42
"2305",1996,"UKR",1.469
"2306",1997,"UKR",1.465
"2307",1998,"UKR",1.428
"2308",1999,"UKR",1.367
"2309",2000,"UKR",1.396
"2310",2001,"UKR",1.345
"2311",2002,"UKR",1.371
"2312",2003,"UKR",1.465
"2313",2004,"UKR",1.492
"2314",2005,"UKR",1.403
"2315",2006,"UKR",1.469
"2316",2007,"UKR",1.492
"2317",2008,"UKR",1.619
"2318",2009,"UKR",1.66
"2319",2010,"UKR",1.58
"2320",2011,"UKR",1.564
"2321",2012,"UKR",1.625
"2322",2013,"UKR",0
"2323",2014,"UKR",0
"2324",2015,"UKR",0
"2325",2016,"UKR",0
"2326",2017,"UKR",0
"2327",2018,"UKR",0
"2328",2019,"UKR",0
"2329",2020,"UKR",0
"2330",2021,"UKR",0
"2331",2022,"UKR",0
"2332",1960,"USA",3.496
"2333",1961,"USA",3.49
"2334",1962,"USA",3.483
"2335",1963,"USA",3.644
"2336",1964,"USA",3.64
"2337",1965,"USA",3.298
"2338",1966,"USA",2.958
"2339",1967,"USA",2.822
"2340",1968,"USA",2.662
"2341",1969,"USA",2.507
"2342",1970,"USA",2.535
"2343",1971,"USA",2.46
"2344",1972,"USA",2.23
"2345",1973,"USA",2.065
"2346",1974,"USA",2.026
"2347",1975,"USA",1.995
"2348",1976,"USA",1.957
"2349",1977,"USA",1.967
"2350",1978,"USA",1.93
"2351",1979,"USA",1.939
"2352",1980,"USA",1.999
"2353",1981,"USA",2.009
"2354",1982,"USA",1.998
"2355",1983,"USA",1.991
"2356",1984,"USA",1.961
"2357",1985,"USA",1.97
"2358",1986,"USA",1.994
"2359",1987,"USA",1.989
"2360",1988,"USA",1.952
"2361",1989,"USA",1.998
"2362",1990,"USA",2.038
"2363",1991,"USA",2.067
"2364",1992,"USA",2.181
"2365",1993,"USA",2.224
"2366",1994,"USA",2.252
"2367",1995,"USA",2.215
"2368",1996,"USA",2.178
"2369",1997,"USA",2.141
"2370",1998,"USA",2.187
"2371",1999,"USA",2.26
"2372",2000,"USA",2.335
"2373",2001,"USA",2.328
"2374",2002,"USA",2.387
"2375",2003,"USA",2.309
"2376",2004,"USA",2.148
"2377",2005,"USA",2.065
"2378",2006,"USA",2.119
"2379",2007,"USA",2.242
"2380",2008,"USA",2.295
"2381",2009,"USA",2.355
"2382",2010,"USA",2.335
"2383",2011,"USA",2.209
"2384",2012,"USA",2.173
"2385",2013,"USA",2.197
"2386",2014,"USA",2.166
"2387",2015,"USA",2.141
"2388",2016,"USA",2.078
"2389",2017,"USA",1.99
"2390",2018,"USA",1.914
"2391",2019,"USA",1.837
"2392",2020,"USA",1.864
"2393",2021,"USA",0
"2394",2022,"USA",0
